model_name,video_count
EmmelyneRed,5
CameronMoss,4
EvaDevine,4
GabyKendy,4
1KarissaLove,3
AddaNicolle,3
AishaDupont,3
AkiraLeen,3
Aliceekerr,3
AngelaRaven,3
AryaSin,3
AshleyAnne,3
CaseyHeart,3
DacotaBb,3
EffyBlack,3
EllaRogers,3
EllieJean,3
EveCarter,3
JuliiaGomez,3
KiraLuna,3
NatalyMayer,3
QueenTara,3
RebeccaSutter,3
RenattaGoddess,3
RenatteAmore,3
SereneSophie,3
TanyaWilson,3
AbbieUthy,2
AbbyMonet,2
AbigaileHott,2
AbrilColeman,2
AdaGlow,2
AdelaRioss,2
AdreaLine,2
Aelia,2
AgataandElisa,2
AgatheLeblanc,2
AgentEmerald,2
AiramMonet,2
AishaChocolat,2
AkilaJade,2
Alana,2
AlessiaDownes,2
AlexaChallis,2
AlexaVault,2
AlexiaGwen,2
AlexisCurley,2
AliciaHart,2
AlishaBlue,2
AlisonStafford,2
AllieWay,2
AllysaQuinn,2
AmaiaMar,2
AmaliaRight,2
AmberBrown,2
AmberHazel,2
AmberLise,2
AmeliaGrandes,2
AmmyMysticc,2
AmmyRey,2
AmyBeck,2
AmyCasas,2
AnaisMayer,2
AnaliseYoel,2
AndreinaVieira,2
Anerix,2
AngieVirgo,2
AnneGibb,2
AnneVacci,2
AprilRosay,2
ArianaKroft,2
AshleyMoretty,2
AshleyRoob,2
AtlamaDesmond,2
AvaAkers,2
AvyanaSugar,2
BabyJames,2
BeautifulNastiya,2
BeiRitz,2
BelindaSmith,2
BellaValentino,2
BereniceBrooks,2
BiancaVelvet,2
BitneyHill,2
BlakeLane,2
BlueEyeLexy,2
BradlyBlond,2
BrendaWilliams,2
BunnyHaze,2
CalypsoMor,2
CamilleBale,2
Caprice,2
Carine,2
CarmenDavies,2
Caroline,2
CelinaHarris,2
CharlizeHowes,2
ChloeNova,2
CindyLane,2
CleoFrost,2
CristalMatthews,2
CrystalBarlow,2
DahliaBeck,2
DaisyShawn,2
DaisySumers,2
Dakotadeelmarr,2
DaliaRose,2
DanellaSalaz,2
DebraPaige,2
DeliciaMontiel,2
DeyParkers,2
DianaHayes,2
DivyaMelany,2
DorothyLake,2
EllaHadid,2
ElleQuinn,2
EllieSin,2
EllieVixon,2
ElsaKhays,2
EmmaGotti,2
EricaCopola,2
EstefaniaBrown,2
Evelyn,2
FabianaMayX,2
FreidaGold,2
GabbieMonroe,2
GabrieleShine,2
GisellFerrara,2
HanaRoss,2
HellenWild,2
InnaCollen,2
Iowa,2
ivanayturbe,2
IvoryAnne,2
JessEven,2
JessicaArdor,2
JessieChoice,2
JoyfulJewel11,2
JulianaVera,2
JulietteMcQueen,2
KacieRivera,2
KarenAnderson,2
KarinaWeavey,2
Katelyn,2
Katia,2
KeiraLinch,2
KellyKovalenko,2
KellyMars,2
KendraMax,2
KhandiRogers,2
KiraRichards,2
KylieClark,2
LaiMMa,2
LaraCharm,2
LexyNess,2
LindsayHills,2
LizyFine,2
Lluvie,2
MadaileinSaito,2
MariaDion,2
Maya,2
MayaKassidy,2
MeganeLarson,2
MeganKroft,2
Melany,2
MelisaGreen,2
MeryGlass,2
MichaelaDenver,2
MonikaKarter,2
NathaliaTood,2
NattyNash,2
NicolleCheri,2
NovaKim,2
NycoleDeVoe,2
RACHELHAWNK,2
RachelLorent,2
RachelPuny,2
RainbowPolly,2
RainMaya,2
RayneRed,2
RenataRuiz,2
ReyQuins,2
RikkiValentine,2
RinnaBlair,2
RosieFray,2
SamaraBronx,2
SandraDeem,2
SandraLou,2
SaraMars,2
SarithaBroun,2
SerafinaDian,2
SofyaIvanov,2
SofyTaylor,2
SonyaAmber,2
SophyDavis,2
TaraAllison,2
TheaNyx,2
TonniaTaylor,2
TraceyJudd,2
ValentinaBosch,2
ValerieSins,2
VeroniqueGrey,2
Vicky,2
Yamira,2
YicelBenavides,2
01Amiana,1
Aaliyah,1
AaliyahMaryss,1
AbagelBliss,1
AbbelaT,1
AbbeleLiz,1
AbbeyCox,1
AbbeyRuso,1
AbbieAllen,1
AbbieHill,1
AbbieMinller,1
AbbiHernandez,1
AbbyBounet,1
AbbyCameron,1
AbbyCarlsten,1
AbbyMurray,1
AbbyPrince,1
AbbyRusell,1
AbbySimmons,1
AbelaWhite,1
AbieSmith,1
AbigailHotMiller,1
AbigailLopez,1
AbigailMoreno,1
AbigailTaylor,1
AbrilBasco,1
AbrilKoller,1
AbrilNahia,1
AbrilThompson,1
AbrilVelez,1
AcanthaDalara,1
AcanthaDelara,1
Acurlyblonde,1
AdaFoster,1
AdaGoldman,1
AdaGrey,1
AdaLaine,1
AdaMuller,1
AdaniaWills,1
AdanLola,1
Adara,1
AdaTylor,1
AdaValentina,1
AddaMartins,1
AdeleHicks,1
AdellaydeXMoon,1
AdissonHofman,1
AdmiredAmanda,1
AdoraAcher,1
AdorableAbigail,1
AdorableSofia,1
AdoraObregon,1
AdrianaAkerman,1
AdrianaBosch,1
AdrianaBrown,1
AdrianaGomez,1
AdrianaLola,1
AdrianaMaranelo,1
AdriLolaLong,1
AdvoKate,1
AeilRoose,1
AelitaShaw,1
AellenaGrace,1
Aellenna,1
Aevelyne,1
aFlyingSakura,1
AgataAlvarez,1
AgataRihanna,1
AgataSecret,1
AgataStars,1
AgataVelez,1
AgattaEvans,1
AGirlInLove,1
ahrleysasi,1
AhrleySassy,1
AidaSky,1
AileenMonroe,1
Ailia,1
AimeeBella,1
AinoRose,1
AirishRed,1
AishaArif,1
AishaBritny,1
AishaCross,1
AishaHale,1
AishaJohansonn,1
Aishasmith,1
AishaStephanove,1
AkiraHartyX,1
AlainaSaint,1
AlanaCraft,1
AlanaMorel,1
AlanaPearce,1
AlanaSampaoli,1
AlanisReed,1
AlbaGrey,1
AlbaRose,1
AlegriaSolange,1
AlejandraCapone,1
AlejandraDamac,1
AlejandraRoa,1
AlejandraScarlet,1
AlejandraVelez,1
Aleksa,1
Aleksiyya,1
AlenaBlue,1
AlenaHall,1
AlenaRoberts,1
AlenaRose,1
AleneBrave,1
AleneCalm,1
AlenisGray,1
AlenkaDoll,1
AlennaSwan,1
AlesandraGomez,1
AlesiaBrice,1
AlesiaSky,1
AlessandraAce,1
AlessandraCapone,1
AlessandraOrlov,1
AlessiaAndCarla,1
AlessiaBailey,1
AlessiaChance,1
AlessiaDupont,1
AlessiaFreya,1
AlessiaGwen,1
AlessiaSantoro,1
AlessiaShelton,1
AlessiaTaylor,1
AlessiaThiery,1
AlessiaVarani,1
AlesyaSander,1
AlexaAndDanna,1
AlexaCarrera,1
AlexaCosmes,1
AlexaDelices,1
AlexaDevereaux,1
AlexaEvans,1
AlexaFerrer,1
AlexaMil,1
AlexaMunoz,1
AlexandraFerro,1
AlexandraPrice,1
AlexandraRand,1
AlexandraSwann,1
AlexaRoux,1
AlexaStylish,1
AlexaTeilor,1
AlexaVelez,1
AlexaWane,1
AlexChloe,1
AlexiaAdams,1
AlexiaAndAgatha,1
AlexiaBanner,1
AlexiaDevon,1
AlexiaNova,1
AlexiaRain,1
AlexiaRamirez,1
AlexisNoir,1
AlexisReyd,1
AlexyBella,1
AliaFrenzy,1
AliceAndDaniel,1
AliceBel,1
AliceColeman,1
AliceCreame,1
AliceCreed,1
AliceDestowze,1
AliceFortuna,1
AliceGagnon,1
AliceHarmony,1
AliceKaty,1
AliceKyle,1
AliceLavy,1
AlicePetterson,1
AliceSampaoli,1
AliceSchuster,1
AliceTurneer,1
AliceVault,1
AliciaCastillo,1
AliciaHanks,1
AliCooper,1
AlikaAnderson,1
AlikaLarsen,1
AlinaBustos,1
AlinaDavy,1
AlinaGalya,1
AlinaRyan,1
AlinaVolkov,1
AlisaAndersen,1
AlisaSmirnova,1
AlisaStarLove,1
AlisBeck,1
AlishaCampbell,1
alishaclay,1
alishaCory,1
AlishaKartier,1
AlishaKinky,1
AlishaPacari,1
AlishaWayne,1
Alisia,1
AlisiaSilk,1
Alison,1
AlisonBlake,1
AlisonBurke,1
AlisonHale,1
AlisonIvanov,1
AlisonMelody,1
AlisonSantana,1
AlissAdams,1
AlissaViolet,1
AlissiaRussu,1
AlissonG,1
AlissonGrik,1
AlissonRusso,1
AlissonSpecial,1
AliStroup,1
AliviaCompton,1
AlixMiller,1
AlizeeBlair,1
AllayaKeller,1
AllieAnderson,1
AllieDavis,1
AllieSynn,1
AllishaCoral,1
AlliSimpson,1
AllisonBee,1
AllisonBen,1
AllisonDesire,1
AllisonMartins,1
AllisonMayer,1
AllisonMorgan,1
AlluringRenee,1
AllyaFox,1
AllyRey,1
AlmaGrace,1
AlmaShannon,1
AlusciousShai,1
Alyah,1
AlyceAndDanny,1
AlyciaSmith,1
AlysaDolce,1
AlyshaGreen,1
AlysonLuvX,1
Amalia,1
AmaliaLima,1
Amanda,1
AmandaBrook,1
AmandaDin,1
AmandaJackson,1
AmandaLeen,1
AmandaRipley,1
AmandaRyder,1
AmarantaSmet,1
AmaraWilliams,1
Amarisacute,1
AmberCamille,1
AmberDean,1
AmberFoster,1
AmberHill,1
AmberJoulie,1
AmberlyRosse,1
AmberMoonn,1
AmberNash,1
AmberQuinnn,1
Amberrgray,1
Ambra2Hot,1
AmeliaAndMariano,1
AmeliaAusten,1
AmeliaCery,1
AmeliaCosta,1
AmeliaThomas,1
AmelieBlair,1
AmelieBrowne,1
AmelieG,1
AmelieLenox,1
AmelieRousse,1
AmelieSmith,1
AmelyaSmith,1
AmelyLu,1
AmikaLuo,1
AmillyStar,1
AmilyBright,1
AminaFox,1
AminaMonroe,1
AmiPinky,1
AmirahJohnson,1
AmiraMilan,1
AmmyGreen,1
AmmyRob,1
AmmySimpson,1
AmoraNotty,1
AmoreEva,1
AmyCarson,1
AmyColman,1
AmyDetermined,1
AmyGlory,1
AmyHennesy,1
AmyHosk,1
AmyHouse,1
Amyjackson,1
AmyJordan,1
AmyLaFleur,1
AmyLinn,1
AmyMarlow,1
AmynaAmy,1
AmyPaisley,1
AmyRoa,1
AmyStoun,1
AmyZahyra,1
AnaAngell,1
AnabelDawson,1
AnabelKeith,1
AnabelSwan,1
AnaCarrera,1
AnahiMoore,1
AnaHudson,1
AnaisFleur,1
AnaJensen,1
AnandaCatalina,1
AnastaciaBell,1
AnaStarz,1
AnastasiaGrik,1
AnastasiaJoss,1
AnastasiaLey,1
AnastasiaLogyn,1
AnastasiaSpaces,1
AnaThomson,1
AnayaHartman,1
AnaysTory,1
AndaNasrin,1
AndreaAlena,1
AndreaCapone,1
AndreaDiLucca,1
AndreaMayer,1
AndreaNovoa,1
AndreaSilva,1
AngelaSantos,1
AngelaSweetness,1
AngelaWatkins,1
AngelaWhity,1
AngelCoco,1
AngelicaDillon,1
AngelicaSantos,1
AngelicVega,1
AngelinaKors,1
AngelinaLogas,1
AngelinaRogers,1
AngelinaSinner,1
AngelineFowler,1
AngeliqueColt,1
AngeliqueNills,1
AngellaQuinn,1
AngelTales,1
AngieCooper,1
AngieJones,1
AngieSummers,1
angygolden,1
AngyShine,1
AniaGrey,1
AnieBrown,1
AniePersy,1
AnikaMoore,1
AnissaRossi,1
Anisyia,1
Anita,1
AnitaCori,1
AnitaRoze,1
AnitaSanders,1
AnittaBel,1
AnJelilyqueBlond,1
AnnaAndMari,1
AnnabellaMiller,1
AnnabelSmith,1
AnnaBrooks,1
AnnaCoelho,1
AnnaEvans,1
AnnaFigueroa,1
AnnaHatcher,1
AnnaInk,1
AnnaKarev,1
AnnaKroes,1
AnnaLakshmy,1
AnnAlcazar,1
AnnaLeroy,1
AnnaliaaLex,1
AnnaLovelyy,1
AnnaRosa,1
AnnaWell,1
AnnBurch,1
AnneBelle,1
AnneCruse,1
AnneDubois,1
AnneFey,1
AnneHar,1
AnneKarla,1
AnneKlhar,1
AnneLouis,1
AnnemariaAdison,1
AnneStone,1
AnnetaDream,1
AnnetDavis,1
AnneThompson,1
AnnetteColt,1
AnnieCarter,1
AnnieCoby,1
AnnieConnors,1
AnnieCoper,1
AnnieJenner,1
AnnieLan,1
AnnieLust,1
AnnieMinori,1
AnnieStudza,1
AnniVolkov,1
AnnKlein,1
AnnRides,1
AnnRosy,1
AnnTanaka,1
AnntoandFede,1
AnnVixen,1
AnnyCastelli,1
AnnyeLissy,1
annyLunna,1
AnthoniaBilber,1
AntonelaGabriela,1
AntonellaBahamon,1
AntonellaCossio,1
AntonellaEvans,1
AntonellaJobs,1
AntonellaValenti,1
AnyaRivers,1
AnyBroke,1
AphroditeGoddes,1
April,1
AprilArdenX,1
AprilFleur,1
AprilGeller,1
AprilMendez,1
AprilMyers,1
ArabellaCartter,1
ArabellaDevis,1
AriaaBennett,1
AriaCaroll,1
AriaHeart,1
ArianaBlemer,1
ArianaBraga,1
ArianaChapman,1
ArianaDelicious,1
ArianaDiaz,1
ArianaJewel,1
ArianaLiz,1
ArianaRoux,1
ArianaWay,1
ArianaYoung,1
AriannaAnderson,1
AriannaBakker,1
AriannaLux,1
AriaRise,1
AriaSpears,1
ariasweethot,1
ArielandAlex,1
ArieleLee,1
ArielEvans,1
ArielleGold,1
ArielNice,1
ArielWylde,1
AriianaGomez,1
ArisSerrat,1
ArletZoldyck,1
ArlineWeaver,1
ArminaAdams,1
ArminaRubbya,1
ArturoAndJackeli,1
AryaCox,1
AryaDream,1
AryaRoses,1
ArynaDiamonds,1
AschleyBright,1
AshantiDavis,1
AshIeyCarriIIo,1
AshleyDouglas,1
AshleyDunn,1
AshleyLunna,1
AshleyRolls,1
AshleyRouser,1
AshleyRoux,1
AshleyRussell,1
AshleyTucker,1
AshleyWalkeer,1
AshleyXRock,1
AshlyBlemer,1
AshRhodes,1
AshtonAndVivian,1
AsiaKanne,1
ASIANSurprising,1
AsianSweetMIYA,1
AsiraMuslim,1
AstridLesley,1
AthenaFaris,1
AttractiveEmma,1
AubreyNova,1
AudreyBeckker,1
AudrieMoore,1
AuraAvila,1
AuraRosa,1
AuroraCan,1
AuroraExcited,1
AvaDashian,1
AvaFerrari,1
AvaHeath,1
AvahRise,1
AvaPink,1
AvelineWilliams,1
AveryElastic,1
AveryFisher,1
AvrilBonet,1
AvrilCarter,1
AvrilGray,1
AvrilRogue,1
AvrilSky,1
AvroraRus,1
AxanaRose,1
AyaJanae,1
AykoWillow,1
AylaJo,1
AylineBelle,1
AylinSoto,1
AyzhayaPalmer,1
AzulLondon,1
BarbaraBella,1
BarbaraBlumer,1
BarbaraBrooks,1
BarbaradelRio,1
BarbaraEve,1
BarbaraLanz,1
BarbieLoren,1
BarbieRobertz,1
BartoLiza,1
BayleeJohnson,1
BbwWomenforu,1
BeaAlanzan,1
BeachyHelena,1
BeautieMaya,1
BeautifulDelilah,1
BeautifulLyn,1
BeautyxSmile,1
BeckaReyes,1
BeckyBennett,1
BeckyOttis,1
BeckyRayss,1
BeckyRobinson,1
BeckyShine,1
BekyBloom,1
BelaLakshmi,1
BelaStonne,1
BelaSumers,1
BelindaReyes,1
BellaaJones,1
BellaCori,1
BellaDissik,1
BellahKeller,1
bellamichi,1
BellaParisi,1
BellaSanders,1
BellaStills,1
BellaStrong,1
BellastyAndCaden,1
BellaWine,1
BelleCharlize,1
BelovedDebby,1
BessJohns,1
BestShina,1
BettyCrosy,1
BettyWeber,1
BeverlyJohns,1
BeverlyRyan,1
BewitchingBB,1
BiancaHotGirl,1
BiancaPetrova,1
BiancaSimons,1
Biancavisconti,1
BiancaW,1
BillyeCrea,1
BlackDakota,1
blackkAngell,1
BlackSuperHot,1
BlakeMarlowe,1
BlancheSummer,1
BlaxyEve,1
BlondeAmia,1
BlondeGirlStar,1
BlondeSamsara,1
BlondieChic,1
BlondXStar,1
BlondyeLiz,1
BonitaCamila,1
bonniebilly,1
BonnieBlair,1
BonnieGomez,1
BonnieHeat,1
BonnieKhane,1
BonnieThomas,1
BoobyLilyx,1
BrandiRae,1
BrendaAlarcon,1
brendasimpsom,1
BrendaValentin,1
BrianaColeman,1
BrianaEve,1
BriannaBlack,1
BriannaMatheus,1
BriannaMathew,1
BrielleShy,1
BriennaKeen,1
BrightUStar,1
BrilliantAnna,1
BrinaVelez,1
BritaMiracle,1
BritanyRobert,1
BritneyLyn,1
BritneySweets,1
BritneyYates,1
Britnis,1
BrittanyAgel,1
BrittanyBennet,1
BrittanyDavis,1
BrittanyOwen,1
BrookeAddington,1
BrookHayes,1
BrunaGomez,1
BrunaMartini,1
BryandAndKendra,1
BryaPaisly,1
BurnWithMe,1
CaitlinBlue,1
CalitheaBelle,1
CallieJones,1
CallieRussell,1
CalmMyHeart,1
CameronGibbs,1
cameronluv,1
CameronnTaner,1
CametaTuana,1
CamiBelushi,1
CamilaArango,1
CamilaMalkovich,1
CamilaOlsen,1
CamilaSaray,1
CamillaDance,1
CamilleRoux,1
CamlyGreen,1
CandiceAdam,1
CandiceReed,1
CandiceSparks,1
CandyMason,1
canelasky,1
CapriceKimbell,1
CaraMuller,1
CaraValdes,1
CarinaLech,1
CarinaNury,1
CarinaSky,1
CarlaHudson,1
CarlaKats,1
carlaLexy,1
CarlaNichols,1
CarlaSin,1
CarmellaAngello,1
CarolaineMonroe,1
CarolinaOcampo,1
CarolineDyen,1
CarolineMayer,1
CarolineSkye,1
CarolineVance,1
CarolynaPosh,1
CarrieJonnes,1
CasandraJames,1
CasandraJones,1
CaseySparrow,1
CassandraDuque,1
CassandraLeon,1
CassandraPier,1
CassidyKitty,1
CassieYounng,1
CassyanaMmN,1
CassyRocher,1
CassyTorres,1
CataleyaFox,1
CataleyaVelez,1
CatalinaandSteph,1
CatalinaGodess,1
CatalinaHarrison,1
CatalinaLopez,1
CATALINAPARKER,1
CatalinaSanta,1
CataMason,1
Cathe,1
CatherineGrace,1
CathyMay,1
CatrinaRain,1
CattaleyaJay,1
CattaleyaRose,1
CaylenHudgs,1
CayraBanks,1
CecilyHoneyGirl,1
Celeste,1
CelesteAdamss,1
CelesteBrownn,1
CelesteMcall,1
CelesteMilhani,1
CelesteRain,1
CeliaSky,1
CelinaHarri,1
CelineBeaux,1
CelineBlanco,1
CelineFolk,1
CelineTaylor,1
CelliaCerruti,1
CesarraMorningst,1
ChanelBlair,1
ChanellGrey,1
ChanelLouis,1
ChantelCute,1
CharismaDivine,1
CharitEvans,1
CharlieCam,1
CharlotSaenz,1
CharlottandDafne,1
CharlotteHalley,1
CharlotteMavis,1
CharlotteMia,1
CharlotteMyer,1
CharlottQueen,1
CharmelleLouise,1
CharmingErika,1
CharmyLily,1
ChealseaCharizma,1
CheerfulMarylin,1
ChelseaFord,1
ChelseaFosterr,1
ChelseaMeow,1
ChelseaStone,1
ChelsieWilliams,1
CherishExotiq,1
CherryBetty,1
CherryLovelies,1
CherylBrown,1
CherylCyrus,1
CherylHewitt,1
ChiaraMoon,1
ChicSharon,1
ChimiTu,1
chinthyaJilll,1
ChloeBeker,1
ChloeJewels,1
ChloeMilles,1
ChloePeak,1
ChloeSaphirre,1
ChloeTeles,1
ChloeWills,1
ChrisHarp,1
ChrissyQuinn,1
ChristineDavis,1
ChristineDevon,1
ChristineSage,1
CindyCassidy,1
CindyCollinss,1
CindyKing,1
CintyaLeinner,1
CintyMufin,1
ClaireAmes,1
ClaireEvanss,1
ClaireSimms,1
ClaireThonpsom,1
ClairEvanson,1
ClaireVoss,1
ClaraCox,1
ClaraSmith,1
ClarisaPaige,1
ClarisseHill,1
ClaryLewis,1
CleoLangley,1
CleoQuinn,1
CollinSolle,1
ConfusionBlonde,1
ConieDunne,1
ConnieLee,1
CoralineBelussie,1
CoralineBlue,1
CoraMaine,1
CoryGlam,1
crazykarol,1
CrazyMiracle,1
CrissRusso,1
CristallMoon,1
CristinaLeoni,1
CristinaMoretti,1
CristineLamour,1
CrystalLeah,1
CrystalSublime,1
CrystalUnique,1
CurlyBleu,1
CurlyDevon,1
CurvyOlyvia,1
CutePampitaForU,1
CuteRosa,1
CutieNICKIE,1
CutieVIVIEN,1
DacianaNegrii,1
DahliaRains,1
DaianaFox,1
DaisyBree,1
DaisyCharlton,1
DaisyDiamond,1
DaisyKyra,1
DanaKitten,1
danarogoz,1
DanickLievanos,1
DanielaGolden,1
DanielaNagy,1
DanielaRump,1
DanielaSaenz,1
DanielleSun,1
DanikaPatricks,1
DannaFoster,1
DannamBrown,1
DaphnyMeyer,1
DarinaDiosa,1
DarinaSpaces,1
Darlatis,1
DarlaYus,1
DaveAndJenni,1
DavinaScott,1
DayanaKeilers,1
DayaniLatin,1
DazyWadfort,1
DearLindi,1
DebbieOllsen,1
DebbieSims,1
DeborahEvans,1
DedicatedRaquel,1
DeeaAnderson,1
DeepLove11,1
DelanaGrace,1
DeliciousAne,1
DelightedMarie,1
DelightfulSmileX,1
DemmiClark,1
DeniseBrowne,1
DenisePerry,1
DeniseSkylar,1
DeniseTaylor,1
DennisLina,1
DevinMaze,1
DeviousDiva,1
Devona,1
DevyFox,1
deysimadrid,1
DiamondGirlR,1
DianaCroft,1
DianeCute,1
DianeHurt,1
DianeSpace,1
DimaOwen,1
DinaKiss,1
DiorSherilyn,1
DivineKlara,1
DivyaCross,1
DominikaGureu,1
DonnaJameson,1
dorothydark,1
DramonaBright,1
DuchessGrace,1
DulcieWalsh,1
EbonyNaugthy,1
EdithSky,1
EdnaLii,1
edtna,1
EffieWong,1
EileenReyna,1
EilyneBecker,1
EilynVelez,1
EIsaJean,1
EizabethHotGirl,1
EkaterinaWoods,1
ElaRossie,1
ElaVela,1
ElectraFlame,1
ElectraMonroey,1
ElectraRyder,1
ElenaBloom,1
ElenaClark,1
ElenDino,1
Elgort,1
Elia,1
ElianaViera,1
Elie,1
ElieLewis,1
ElifNur,1
ElionoreWhite,1
ElisabethNoir,1
ElisabethWells,1
ElisaBorges,1
ElisaEve,1
EliseAdams,1
EliseCuteCute,1
EliseLoff,1
ElizabethLux,1
ElizabethWalker,1
ElizabetVIP,1
ElizaBurset,1
ElizaLauren,1
ElizaLevis,1
ElizaMayer,1
ElizaMonne,1
ElizaTaylor,1
EllaBeckett,1
EllaDavs,1
EllaJade,1
EllaLiciouss,1
EllaOrten,1
EllenaTroy,1
EllenFrank,1
EllenGrais,1
EllieBaxter,1
EllieColt,1
EllieHall,1
EllieParkeer,1
EllieWalker,1
EllyKey,1
EllyWild,1
ElsaCrost,1
ElsaLove,1
ElsaPresley,1
ElsaPressley,1
ElsaPriceless,1
ElyeNova,1
ElyGrace,1
EmaLawrence,1
EmanuelaBart,1
EmaWass,1
EmellineClark,1
Emely,1
EmeraldEye,1
EmiCooper,1
EmiliaBennett,1
EmiliaHedone,1
EmiliaJones,1
EmiliaWilliam,1
EmiliMur,1
EmiliYan,1
EmiliyWhite,1
EmillyCollins,1
EmillyPlays,1
EmilyAndPaul,1
EmilyBilington,1
EmilyBlair,1
EmilyBllossom,1
EmilyClassic,1
EmilyDear,1
EmilyDuke,1
EmilyJacobs,1
EmilyKayla,1
EmilyKorz,1
EmilyMarcuzzi,1
EmilyMellie,1
EmilyNelson,1
EmilyReyes,1
EmilyRival,1
EmilyScotch,1
EmilyWaller,1
EmmaAsija,1
EmmaBrocks,1
EmmaFisher,1
EmmaRaven,1
EmmaSwift,1
EmmyBell,1
EnigmaFly,1
EnigmaFlyX,1
EricaCanas,1
ErikaAsher,1
ErikaBonnie,1
ErikaCrawford,1
ErikaEaston,1
ErikaHoffman,1
ErikaOlson,1
ErikaSmile,1
ErikaTorres,1
ErotiqueAnais,1
ErykaDivine,1
EsmeAinsley,1
EsmeReed,1
EstherCanyon,1
EvaBennson,1
EvaBluez,1
evacorxs,1
EvaCruse,1
evahazel,1
EvangelinaBeck,1
EvaThorne,1
EvaVarsovia,1
EvaZen,1
EveBella,1
EveGenesis,1
EveHunter,1
EvelineMoon,1
EvelinLopez,1
EvelynFarrell,1
EvelynHudson,1
EvelynRyan,1
EvieSanders,1
FabyaClover,1
fantasymorena,1
FeliciaKrige,1
FelinaSweet,1
FelishaRose,1
FergieManson,1
FernandaBosch,1
FernandaDaSilva,1
FernandaPollard,1
FiorelaLenin,1
FlirtyBae,1
FlirtyMary,1
FloraFinch,1
FloraFrancis,1
FloraGregory,1
FloresShine,1
FlowerLovee,1
FrancesHolt,1
FranceskaFox,1
FrancyCat,1
FreshMay,1
FreyaLust,1
FrolicCAT,1
GabbyKerr,1
GabiJones,1
GabrielaHadid,1
GabrielaLima,1
GabrielaSilva,1
GabrielaVargas,1
GabriellaCampbel,1
GabrielleStar,1
GabyBuxom,1
GabyFalcon,1
GabyGomez,1
GabyGrutman,1
GabyPark,1
GabyPastori,1
GeishaParadise,1
GelsominaMiller,1
GemaSaenz,1
GentleDahlia,1
Georgia,1
GeorgieSpears,1
GeorginaMonroe,1
GeorginaRamos,1
GeorginaSparks,1
GeorgyaMurphy,1
GeraldineRossi,1
GiaCosmos,1
GiaEmptia,1
GiaLeiton,1
GianaRosy,1
GigiTaylor,1
GildaHeaton,1
ginadiamons,1
GinaSalvatore,1
GinnaSmith,1
GiovanaPastore,1
GiovanaRodriguez,1
GiovannaBosch,1
GiovannaFranco,1
GiovannaRicci,1
GiovannaRosa,1
GiseleCelestial,1
GiseleGautier,1
GisselleKrush,1
GiuliaHughes,1
GiulianaViviani,1
GladysCole,1
GlamorousHillary,1
GlamyAnya,1
GloriaBlackGirl,1
GloriaSwift,1
GloriaWitch,1
GloryRafael,1
goldiecody,1
GoldieScharon,1
GorgeousTheresa,1
GraceBlue,1
GraceBreaze,1
GraceFair,1
GracefulCharlote,1
GraceHonest,1
GracieCarter,1
GracieSanin,1
GracyGizele,1
GreicyAlvarez,1
GreicyFreedom,1
HaifaRose,1
HaileyDiamond,1
HaileyDumont,1
HailieCollins,1
HanaJun,1
HannaFonsecaa,1
Hannah,1
HannahDavis,1
HannahKoch,1
HannaHoffman,1
HannahSeenan,1
HannaMaison,1
HannaRivera,1
HarleyPink,1
HarleySweety,1
HarperBrown,1
HavanaCollins,1
haydenjanex,1
HazelPinn,1
HelenaBunny,1
HelenDave,1
HelenRosa,1
HelgaAdams,1
HelgaGuru,1
Hertha,1
HilaryBelford,1
HillaryDiez,1
HillaryPorter,1
HinataMori,1
HloaWu,1
HollyGray,1
HoneyParks,1
HotKristinaLove,1
HuanShuLan,1
Idia,1
IEmily,1
ImMeganLive,1
IndianaPlays,1
IndianShia,1
IndyaBlu,1
IndyMaze,1
IngridSaint,1
InnaBlair,1
Innes,1
IrenaAdderly,1
IreneLUVE,1
IrinaHaids,1
IrinaJones,1
IrinaWolf,1
IrisDavis,1
IrisRay,1
IrisReid,1
IrissVeneta,1
IrisThompson,1
Isabela,1
IsabelaGuerra,1
IsabelaJordan,1
IsabelaMontes,1
IsabelAndAlfred,1
Isabella,1
IsabellaCavalli,1
IsabellaEstrada,1
IsabellaGucci,1
IsabellaLondra,1
IsabellaMarcuzzi,1
IsabellaUmber,1
IsabelleBianchi,1
IsabelleBrurrell,1
IsabelleShines,1
IsaFernandez,1
IselaWill,1
IssaSmith,1
ItaliaMonrovia,1
IvanaGrey,1
IvankaVolko,1
IvannaBellinni,1
IvannaBelucci,1
IvannaGiovanni,1
IvannaMoretti,1
IvelisseBrinn,1
IvoneKarter,1
IvoneWexler,1
IvonneLane,1
IvonneRuster,1
IvyChase,1
IvyFontana,1
IvyFox,1
IvyRod,1
IvyThorn,1
IvyTricks,1
IzaCruz,1
IzaRoss,1
IzyStacie,1
JacquelinCouture,1
JadeAnderson,1
JadeDubois,1
JadeeFox,1
JadeKrush,1
JadeSoleil,1
JaelynStar,1
jamgirlMagic,1
JamieLane,1
JanaAmado,1
JaneCasey,1
JaneGold,1
JaneHoneyWonder,1
JannaHudson,1
JanneMorr,1
JanycceCurly,1
JasmineActive,1
JasmineMagic,1
JasmineVelour,1
JayMol,1
JebloySmith,1
JenellWolf,1
JenisRolls,1
JennaRoux,1
JennieKim,1
Jennifer,1
JenniferBen,1
JenniferHill,1
JenniferJohnson,1
JenniferReveron,1
JenniferSoler,1
Jenny,1
JennyClark,1
JennyFoxs,1
JennyLight,1
JennySpace,1
JennyZhang,1
JessandSamantha,1
JessiAkers,1
JessicaAdison,1
JessicaAlvarez,1
JessicaBarone,1
JessicaHarvey,1
JessicaJones,1
JessicaLevi,1
JessicaLopes,1
JessicaMolly,1
JessicaPortman,1
JessicaStormer,1
JessiDean,1
JessieAdam,1
JessieandSam,1
JessieBella,1
JessieBond,1
JessieBright,1
JessieCreamy,1
JessieGreen,1
JessieLayt,1
JessieLiu,1
JessieLuvs,1
JessiJess,1
Jessy,1
JessyAdams,1
JessyAndJuan,1
JessyBrown,1
JessycaKimber,1
JessycaMiller,1
JessycaPage,1
JessyHanson,1
JessyHarris,1
JessyMily,1
JessyWonder,1
JilianTaylor,1
JillCooper,1
JimenaEvans,1
JinxRenae,1
Jioana,1
JocelynMills,1
JohanaPiero,1
JohannaJade,1
JolieJones,1
JordanJohnson,1
JosephineBlaire,1
JosephineSmiley,1
JossieHart,1
JoyceAndLarry,1
JoyceePalmer,1
JoyGrace,1
JoyTaylor,1
JudiDiamond,1
JudithCoan,1
JuliaAzzuro,1
JuliaBenz,1
JuliaDevis,1
JuliahLewis,1
JuliaIL,1
JulianaRoses,1
JulianneBrooks,1
JuliaTenesse,1
Julieta,1
JulietaMontesco,1
JulietaParker,1
JuliethOrlou,1
JuliFox,1
July,1
Julya,1
JustinneJade,1
JustLatinHot,1
KalaRoberts,1
KalistaJones,1
KallieKalli,1
KamilaWeaver,1
KamillaBlare,1
KandiEsquivel,1
Karalaine,1
KaraRose,1
KarenDimples,1
KarenHerrera,1
KarinaAdamina,1
KarinaaIvanoff,1
KarinaMiles,1
KarinAss,1
KarinnaGlam,1
KarlaHoshiko,1
KarlaRob,1
KarlaZarely,1
KarleenX,1
KaryBrown,1
KassandraKano,1
KassandraLanz,1
KassandraMegan,1
KassandraRave,1
KassieWeins,1
Kat,1
KatalinaRouge,1
KataLuna,1
Kate,1
KateCarter,1
KateCosmo,1
KateDarkman,1
KaterinaSalvator,1
KateRusso,1
KaterynaClaire,1
KatherineBell,1
KathleenRose,1
KathyWayne,1
KathyWhite,1
KatieDark,1
KatieWanted,1
KatlynSweet,1
KatlynWest,1
KattFields,1
KayaBelle,1
KaylaGold,1
KaylaniRain,1
KaylaSaenz,1
KaylinPrincess,1
KaylinWhite,1
KeilyJones,1
KeilyShine,1
KellyDurann,1
KellyHansen,1
KellyMaze,1
KellySmit,1
KellySummers,1
KendallDisick,1
KendallMyer,1
KendalPink,1
KendraCreed,1
KendraWilliams,1
KENIAJONES,1
KenzeBarre,1
KerryBanks,1
KeryAllison,1
KetrinMillian,1
KetrinRoyse,1
KeylaKroes,1
KeysyLady,1
KhalessiGrifeen,1
KhandiJanel,1
KhimJones,1
KhloeWright,1
KianaSea,1
KiaraMadide,1
KiaraParker,1
KimberleyBlake,1
KimberlyLane,1
kimberlyleist,1
KimberlyNeal,1
KimCley,1
KimeraSoul,1
KimFaber,1
KimmyBerry,1
KimmyMouse,1
KimmySleek,1
KimPower,1
KimSatomy,1
KimTokio,1
KimXVentura,1
KimyTaylor,1
KinkGirl,1
KinsleyCatalina,1
KiraOwens,1
KiraShynel,1
KirraTen,1
KirstenWhite,1
Kirstye,1
KittyDivinita,1
KittyDreaming,1
KittyLowell,1
KittyTurner,1
KleoPetra,1
KloeBuch,1
KoralineSmith,1
KristalMorena,1
KristalWoman,1
KristaLynne,1
KristenBecker,1
KristinaAndAgata,1
KristinaAsmus,1
KristinaGlace,1
KristineKay,1
KristineKey,1
KristiRoxene,1
KrisTores,1
KristynAdans,1
KristySimmons,1
krisztina,1
KrystalAsh,1
KylieBerniss,1
KylieJobs,1
KyliePaige,1
KylieRoland,1
KylieValentino,1
LaiaClarck,1
LailaHadil,1
LailaMoon,1
LailaRuiz,1
LaisivePetrov,1
LaJoya,1
LambaSalieri,1
LanaCaramel,1
LanaDella,1
lanalei,1
LanaRhodes,1
LaniaJizelle,1
LaNitaToy,1
Lanna,1
Lannia,1
LaPearl,1
LaraConnors,1
LaraEspinal,1
LaraHayes,1
LaraHills,1
LaraMuse,1
LaraRivers,1
LaraSalvatore,1
LaraTyler,1
LarissaMaia,1
LaruKatsumi,1
LauraAndrew,1
LauraBlonde,1
LauraComti,1
LauraFlint,1
LauraFlores,1
LauraMay,1
LauraMorales,1
LauraPonce,1
LauraRiccoo,1
LauraStockman,1
LaurenAndCamila,1
LaurenBella,1
LaurenCampbell,1
LaurenMonarky,1
LaurynCooper,1
LawrenHills,1
LaylaAndres,1
LaylaWilde,1
LeahBarton,1
LeahJones,1
LeidyAndAngie,1
LeilaBraga,1
LeilaLeduc,1
LeilaOceans,1
LembiSavage,1
LesleyRed,1
leslieyamel,1
LeslyAnderson,1
LesyaRomanovski,1
LeticiaHill,1
LeticiaLoren,1
Lexi,1
LexiBlues,1
LexieBlake,1
LexieWilson,1
LexyBain,1
LexyPerfectX,1
LeylaBlanc,1
LiaCi,1
LiaDAngelo,1
LiaDavis,1
LiaMontiel,1
LianaClarkson,1
LianaGrace,1
Liane,1
LianHarper,1
LianMarch,1
LianStone,1
LiaWest,1
LidiaRose,1
LightMina,1
LikableSylvie,1
LilaNuah,1
LilaSolace,1
LilaToy,1
LilCuteBlondie,1
LilibedMoore,1
LillieNoir,1
LillyCopper,1
LillyHurley,1
LillyMoore,1
LillyPur,1
LillySaenz,1
LilyAlison,1
LilyFay,1
LilyPortman,1
LilyRain,1
LinaAdell,1
LinaLiss,1
LinaZahar,1
LincySmith,1
LindaBishop,1
LindaBrynn,1
LindaClara,1
LindaCroft,1
LindaDiamonds,1
LindaDu,1
LindaLacy,1
LindaMilos,1
LindyAndAndy,1
LionaRobyn,1
LisaKings,1
LisaLogan,1
LisaMinx,1
LisaOM,1
LisaRebel,1
LisaVega,1
LittleAlica,1
LittleKatrin,1
LittyDavidson,1
LizaAzuro,1
Lizzie,1
LizzieGrey,1
LoenDalbre,1
LolaMilton,1
LolyCute,1
LolyHunt,1
LondraVelvet,1
LonelyDuff,1
LoraCallie,1
LoraineCroft,1
LoraPreston,1
LoreleiFerrer,1
LorenaChocolate,1
LorenaMoon,1
LorenBaudin,1
LoreneMoore,1
LorenLoveU,1
LorenMore,1
lorettasanz,1
LoriWiley,1
LottyMadisson,1
LouaneBour,1
LouisaGold,1
LouisaKing,1
LouiseIvy,1
LoveLisaX,1
LovelyBlackCat,1
LovelyBoobz4U,1
LovelyGergia,1
LovelyKaylee,1
LuanaMoon,1
LucasAndEmma,1
LucianaSalvatore,1
LuciannaLopez,1
LucieCollins,1
LucieRay,1
Lucine,1
LucyBae,1
LucyEnigma,1
LucyMedley,1
LucyMuller,1
LucyRowe,1
LucyVera,1
LucyWarner,1
LuisaStone,1
LuizaMay,1
LumieLucidDream,1
LunaBrooks,1
LunaLennox,1
LunaSnoww,1
LunaStars,1
LunaWinks,1
LunaWoongs,1
LuthAndPayton,1
LydiaBlaze,1
LydiaSimpson,1
LyndaLane,1
LynTaylor,1
MabelCurvy,1
MabelPaez,1
MacySmile,1
MaddyShelby,1
MadelineRux,1
MadisonAllenn,1
MadisonDivaa,1
MadisonLou,1
MadisonNichol,1
MadisonRoss,1
MadisonVegas,1
MadisonVilal,1
MadysonVon,1
MaeganKira,1
MaggieConnors,1
MaggieRogers,1
MaggieTurner,1
MaiaGrant,1
MaiaWhite,1
MaiteJeff,1
MalakArabian,1
Malda,1
MalenaReed,1
MaliaRihter,1
MamimiAlaska,1
ManuelaBarinova,1
ManuelaCapone,1
ManuelaMazzone,1
ManuelaSaenz,1
ManyaArt,1
MaraJones,1
MarcelaRutila,1
MariaBabotte,1
MariaDodson,1
MariaGabriella,1
MarianaSaavedra,1
marianasaenzs,1
MarianBuxom,1
MARIANGELHOT,1
MarianLatin,1
Marianne,1
MariaPazmora,1
MariaStuard,1
Marie,1
MarieandShantal,1
MarieDevis,1
MarieKeller,1
Marieposzha,1
MarilynFloris,1
MarilynWilde,1
MarlaBolton,1
MarlaCARTER,1
MARQUERITE,1
MartaAllen,1
MartinaFox,1
MartinaJacobs,1
MartinaLeone,1
MartinaMiller,1
MartinaPheb,1
MaryAmely,1
MaryAnny,1
MaryBaker,1
MaryKarrie,1
MaryRusi,1
Mascha,1
MashaJade,1
MathildaLian,1
MawiFoster,1
MayaAdams,1
MayaArriana,1
MayaDesi,1
MayaGlow,1
MayaHale,1
MayaKas,1
MayaMorrison,1
mayarivaas,1
MayaVegas,1
MayChon,1
MazeLennon,1
MeganAndLet,1
MeganBlaze,1
MeganDoyle,1
MeganJhordans,1
MeganKrocx,1
MeganMeg,1
MeganneWhite,1
MegannMorgan,1
MeganRogers,1
MeganSentimental,1
megansimpsom,1
MeganStrane,1
MeganZanetti,1
MelaAndMarcus,1
Melanie,1
MelanieCarter,1
MelanieDuque,1
MelanieG,1
MelanieHardy,1
MelanieLorens,1
MelanieRoah,1
MelanieRobin,1
MelannyBenz,1
MelanyCute,1
MelanyeSheen,1
MelinaChrystal,1
MelinaJones,1
MelisaCrane,1
MelisaMelanie,1
MelisaRaen,1
MelisaRogers,1
MeliSin,1
MelissaandMia,1
MelissaBJ,1
MelissaGrain,1
MelissaJolie,1
Melissiya,1
MellisaAndrew,1
MelodyHanss,1
MelodySimmons,1
Meralin,1
MercedesLaPiedra,1
MerraeDays,1
Mia,1
MiaBelova,1
miacarabali,1
MiaCollie,1
MiaDavids,1
MiaDeliz,1
MiahParker,1
MiaKai,1
MiaLeiner,1
MiaMendes,1
MiaPeruzzi,1
MiaRivera,1
MiaRosey,1
MiaRuzzo,1
MiaShrimpton,1
MiaSimone,1
miaswinters,1
MiaTwist,1
MiaVegga,1
MikeAndLauren,1
MilaCrawford,1
MilaGreco,1
MilaHall,1
MilaJO,1
MilanaGrand,1
MilanaLes,1
MilanaVolkova,1
MilaVega,1
MilaVillalobos,1
MilenaBia,1
MilenaEden,1
MilenaLamar,1
MilenaWonder,1
MileyBrown,1
MilkaLabrot,1
MillaRiveiro,1
miniongirl,1
MiraBones,1
Miraida,1
MirandaBarinova,1
MIRANDACLARK,1
MirandaMendoza,1
MishaFernandez,1
MishaMia,1
MishaRed,1
MishElla,1
missharmoony,1
Missy,1
MistyBraun,1
MistyCherry,1
MistyCollins,1
MistyOne,1
MmissVelvet,1
Molly7Sins,1
MollyAniston,1
MollyBraun,1
MollyChase,1
MollySavvy,1
MonicaDaniels,1
MonicaLong,1
MonicaPearly,1
MonicaSmile,1
MonikaBlush,1
MoniqueHils,1
MoniqueSin,1
MoniqueWest,1
MonyLing,1
monyquex,1
MostBeautyX,1
MrsSmithX,1
MsClaireFlowers,1
MunaSanur,1
MyaEden,1
MysteriousLora,1
NadiaMoore,1
NadyaDunham,1
NagmaPapaya,1
NahomyBrown,1
NaiaBlue,1
NaiaCollins,1
NailaS,1
NairobiHills,1
NakaritAndFerrer,1
NamiKoi,1
NanaTwinkle,1
NaomiCross,1
NaomiDYD,1
NaomiFletcher,1
NaomiJensen,1
NaomiLauren,1
NaomiLeon,1
NaomiMason,1
NaomiMoris,1
NaomiStark,1
NaomiStockman,1
NaomiYuu,1
NaomyRowous,1
NaomyRoyall,1
NaseeraQuinn,1
NashaWilliams,1
NataliaCapone,1
NataliaDavalos,1
NataliaTurbay,1
NataliaWills,1
Natalie,1
NatalieGibb,1
NatalieKlein,1
NatalieLanz,1
NatalieLevy,1
NatalliaSmith,1
NatalyaOsorio,1
NatalyThorn,1
NatashaCastello,1
NatashaCeratti,1
NatashaGoldx,1
NatashaKrof,1
NatashandScarlet,1
NatashaRaven,1
NatashaVonPlay,1
Nathaly,1
NathalyaRoss,1
NathalyJonnes,1
NattiGrey,1
NattyNatasha,1
NellySimpson,1
NessaKol,1
NiaBahamon,1
NiaCollins,1
NiaLove,1
NickoleBlack,1
NickyAshcroft,1
NickyTorres,1
NicolBroown,1
NicoleAyrton,1
NicoleBella,1
NicoleBenson,1
NicolehVega,1
NicoleLabelle,1
NicoleLourens,1
NicolePurton,1
NicoleRichards,1
nicoletabata,1
NicoleteGrey,1
NicoleVega,1
NicolleBecher,1
NicolleBennett,1
NicolleHector,1
NicolleVibee,1
NicolleWalker,1
NikkiCarter,1
NikkiFesser,1
NikkyClark,1
NikolAniston,1
NikolJhons,1
NIMFOMANIAC,1
NinaHawkin,1
NinaIL,1
NinaMClein,1
NinnaCrawford,1
NinnaRoa,1
NoaOnfire,1
NoaPetite,1
NohemyPetrik,1
NorahEdwards,1
NorahReve,1
NyaomiXBailey,1
NyvaParys,1
OctaviaLeone,1
OktaviaTris,1
OlgaPhoenix,1
OliviaDevies,1
OliviaEve,1
OliviaLong,1
OliviALuna,1
OliviaMars,1
OliviaRios,1
OliviaWilson,1
OlivieShine,1
OllieBell,1
OrchidMary,1
OrianaRossy,1
OsirisAndIsiis,1
PaigeF,1
PamelaJay,1
PandoraNash,1
PaoBecker,1
PaolaFalcone,1
PaoReyes,1
ParisAndBrittani,1
ParisHanpson,1
PatyFox,1
PaulinaAmore,1
PaulinaCrawford,1
PaulinaFerrara,1
PaulinaHarlow,1
paulinaMeow,1
PaulinaVelez,1
PearlWyte,1
PenelopeDiaz,1
PenelopeVelez,1
PeonyM,1
PerisFox,1
perlla,1
PettraHaven,1
Pionis,1
PiperDream,1
PixieIvy,1
PranaBellucci,1
PrettyLilah,1
PricessTati,1
QueenOfYourHeart,1
RachelCruise,1
RachelKays,1
RachelleFaye,1
RachelMartinez,1
RachelVixen,1
RachelWard,1
RafaelaKovalenko,1
RafaelStill,1
RaisaPatricia,1
RaniaAmour,1
RanyaLuston,1
RaquelleRyah,1
Raven,1
RavenClarck,1
RavenReed,1
RavenRyder,1
RavenSole,1
RealRussianGirl,1
RebecaGlamy,1
RebecaPreston,1
RebecaStone,1
RebecaVillalobos,1
RebeccaBlush,1
RebeccaGrace,1
RebeccaLamer,1
RebeccaMegan,1
RebeccaMorton,1
RebeccaRandall,1
RebeccaRedd,1
RebeccaSoHot,1
RebekaRusso,1
ReganNatural,1
ReginaVanir,1
ReginPhelps,1
RenataBrown,1
RenataCharles,1
Renee,1
ReneLovely,1
RevekaKnox,1
RheaCalvert,1
RiannaFit,1
RicaDevines,1
RihannaJessica,1
RileyNova,1
RinataBlake,1
RiseGoldenSmile,1
RisheraFoster,1
RitaFleming,1
RitaOrasse,1
RomanticYsabel,1
RonaBonnie,1
RosaLane,1
RosalindaFoxy,1
RoseLennox,1
RoseLyneV,1
RoselynTaylor,1
rosemotions,1
RoseSalvatore,1
RosieBriar,1
RosieHolmes,1
RosieJenner,1
RosieThomas,1
RossCharleen,1
RosseKatey,1
Rossie,1
RossTaylor,1
RowieXLizz,1
RoxanaAmber,1
RoxaneLuci,1
RoxaneQuinn,1
RoxannaRivera,1
RoxanneBrown,1
RoxanneMorrison,1
ROXVELVET,1
RoxyStarlet,1
RubiWise,1
RubyEricson,1
RubyWise,1
RuddyReyes,1
RueAppleton,1
RueMartinez,1
RuthaRice,1
RuthExcellency,1
RuthSweetMinx,1
RyanSucculent,1
RynaClarice,1
SabrinaKrystal,1
SaemiRoyal,1
SafiaLive,1
SaharaCarter,1
SallyCoconut,1
SallyJoy,1
SalmaSmith,1
SalomeFranco,1
SalomeVega,1
SamantaAndStefy,1
SamantaRowland,1
SamantaSweatX,1
SamanthaBalley,1
SamanthaBrazer,1
SamanthaBullock,1
SamanthaEvelyn,1
SamanthaFerrec,1
SamanthaGallant,1
SamanthaHofman,1
SamanthaStephens,1
SamaraStonec,1
SamiraWildEyes,1
SammyAndOscuro,1
SammyPeachex,1
SamyConnor,1
SandraDivine,1
SandraFree,1
SandraMidnight,1
SandraNelsan,1
SandraNelson,1
SandraResh,1
SandraShineGirl,1
SandyClifford,1
Sara,1
SaraandMarilyn,1
SaraAndSebastian,1
SARADOMINGUEX,1
SaraDupont,1
SaraFalcon,1
SaraFlorez,1
SaraFontana,1
SarahBiel,1
SarahHaley,1
SarahLaird,1
SarahLong,1
SarahMcBride,1
Sarahpretty4u,1
SarahSwarm,1
SarahTrix,1
SaraiBenett,1
SaraMaier,1
SaraRicci,1
SaraSingh,1
SaraVogel,1
SaraWalker1,1
SarayAnderson,1
SarayYork,1
SarrahGoldie,1
SarraStar,1
SashaKentt,1
SashaRedshaw,1
SashaSaenz,1
SashaSmite,1
SavannaCarter,1
SavannahBel,1
ScarletLyn,1
ScarletParisi,1
ScarletSains,1
Scarlett,1
ScarlettDice,1
ScarletThoms,1
ScarlettKlein,1
SecretRachel,1
SelenaHayes,1
SelenaKali,1
SelenaKlemer,1
SelenaReyes,1
SelenaWylde,1
SeleneBett,1
SeleneEnn,1
SeleneReen,1
SeleneScott,1
SelenneNoir,1
SelineRusso,1
SelmaLauren,1
SensuousKara,1
SeonaLewis,1
SeranaDante,1
SerenaAndrews,1
SerenaBay,1
SerenaGolden,1
SerenaOlsen,1
SereneRose,1
SerinaFox,1
Serinalove,1
ShaneW,1
ShaniaDav,1
ShantalQueenston,1
ShanyaNichols,1
ShanyaWolf,1
sharaowen,1
SharonAndDaniela,1
SharonCooper,1
SharonDobson,1
SharonMurrey,1
SherinStone,1
ShineUBrightt,1
ShinnyLinette,1
SHIRLEYBOMBOM,1
SiaSaphire,1
SimonneJade,1
SinthiaJones,1
SkarletEvans,1
SkylerBlake,1
SmallKelly,1
SmileyBb,1
Sofia,1
SofiaJaramillo,1
sofialaurentx,1
SofiaLou,1
SofiaOwen,1
SofiaParker,1
SofiaPhoenix,1
SofyAdams,1
SofyaSmith,1
SolemSanders,1
SoniaGenessis,1
SoniaGresson,1
SonnyVolly,1
SonyaPolinski,1
SonyaSore,1
SophiaBlond,1
SophiaFenty,1
SophiaJobs,1
SophiaSins,1
Sophie,1
SophieCloe,1
SophieDevi,1
SophieGinger,1
SophieHamilton,1
SophieMartin,1
SophieMazzone,1
SophieRestrepo,1
SophieRoss,1
SophiPie,1
Sophythaylor,1
SophyWilde,1
SoryKlane,1
SpiceAlexandria,1
SpicyKaroline,1
Staccey,1
steicylanz,1
StellaWade,1
StellaWillson,1
StephanieHella,1
StephanyMendosa,1
StylishLover,1
SubMissKitten,1
SukiiStark,1
Summer,1
SunAliceBlond,1
SunittaBecker,1
SunLi,1
Susan,1
SusanaCrox,1
SusanaKano,1
SusanaKing,1
SusanaStonne,1
SusanMax,1
SuzanneBlake,1
SwansonLina,1
TamaraAndAlan,1
TamaraJames,1
TamilaSmith,1
TaniaReilly,1
TanishayKate,1
TannyaLee,1
TaraEdwards,1
TashaAllas,1
TashaCooper,1
TastyBooty,1
TastyLexie,1
tastysamantha,1
TatianaAlvarezz,1
TatianaSoler,1
TatiandNatasha,1
tatyanablair,1
TayaWalkers,1
TaylorHarper,1
TessaMaven,1
ThaliGarcia,1
TheaMaleko,1
TheCoryChase,1
TiaraCruz,1
TiaSanders,1
TifanniNoa,1
TifanyLean,1
TiffanyAddams,1
TiffanyCole,1
TiffanyMaze,1
TinaCarty,1
TinaLiz,1
TinaPhoenix,1
ToryCuteGirl,1
ToryHazel,1
ToryLuvy,1
TraceJolye,1
TrishaSketch,1
TyraBenet,1
unaunder,1
UrSibilla,1
UrSibillaX,1
ValentinaAmy,1
ValentinaGarcez,1
ValentinaRossy,1
ValeriaNoir,1
ValeriaRozner,1
ValerieHill,1
ValerieKors,1
ValerieNicolle,1
ValerieRoy,1
ValeryAndZack,1
ValeryBernal,1
ValeryRossee,1
VanesaLane,1
VanesaParks,1
VanesaVillalobos,1
VanessaAguilar,1
VanessaCortez,1
VanessaEsther,1
VanessaKovac,1
VanessaMad,1
VanessaRayne,1
VeleryCute,1
VeneraSecret,1
VeniceStark,1
VenusRusell,1
VeronicaBonnie,1
VeronicaQuinn,1
VeronikaMitchel,1
VeronikaShine,1
VickiHoney,1
VickiReal,1
VicktoriaBlack,1
VickyJackson,1
VickyLeaks,1
VickyLou,1
VickyPortman,1
VickyRossy,1
Victoria,1
victoriaglaam,1
VictoriaLorens,1
VictoriaParadise,1
VictoriaSheila,1
VictoriaSlevika,1
VictoriaSuliban,1
VilenaRios,1
ViolaRoss,1
ViolenaSmith,1
VioletaFoster,1
ViolettaVi,1
VivianBasset,1
VivianBrow,1
Waldau,1
WantedAllice,1
WanZaisu,1
wendyforyou,1
xHotDiamond,1
xKarolina,1
xLORRIx,1
XoSaskiaXo,1
xWildTigressx,1
YasmineAmory,1
YasminWui,1
YasnodoraSun,1
Yorgely,1
yosselinblue,1
YourEpiphany,1
ZairaHill,1
ZamaraVidal,1
ZaraBrawn,1
ZarahKleinn,1
ZaraSelena,1
ZarinaHeims,1
zenitram,1
ZenoviaNoir,1
ZeyaSkyte,1
ZoeFannie,1
ZoeFloyd,1
ZoeJensen,1
ZoeVega,1
ZoeVillalobos,1
zoeydreams,1
ZyraRed,1
